r2,mae,mape,rmse
0.5406633694813494,36.480562705672455,0.3842072296341759,71.9368122235695
