r2,mae,mape,rmse
0.5730147073186891,33.580244263806186,0.37247290340443595,56.023769616336345
