r2,mae,mape,rmse
0.5413267761893235,36.34382633228363,0.38296305645513257,71.43085154089891
